{
    "time_mean": 92.30020769250946,
    "time_std": 53.278063701746845,
    "pos_error_mean": 0.018858292734883927,
    "pos_error_std": 3.715499585491277,
    "pos_error_max": 10.980775581050228,
    "pos_error_min": -14.029167272082468,
    "vel_mean": 0.019032193480478944,
    "vel_std": 15.464419107457102,
    "vel_max": 51.30697250366211,
    "vel_min": -51.33924865722656,
    "torque_mean": 0.002167722570264262,
    "torque_std": 0.2751768037581935,
    "torque_max": 0.3937815129756927,
    "torque_min": -0.3954966962337494
}